ลำดับ,ชื่อไฟล์,ประเภท,ขนาด (bytes),URL สาธารณะ
1,01-12-2025_-_Applicant_1_-_Application_page_1.webp,file,134994,https://github.com/ck999kk/WEBP/blob/main/01-12-2025_-_Applicant_1_-_Application_page_1.webp
2,01-12-2025_-_Applicant_1_-_Application_page_2.webp,file,250232,https://github.com/ck999kk/WEBP/blob/main/01-12-2025_-_Applicant_1_-_Application_page_2.webp
3,01-12-2025_-_Applicant_1_-_Application_page_3.webp,file,239726,https://github.com/ck999kk/WEBP/blob/main/01-12-2025_-_Applicant_1_-_Application_page_3.webp
4,01-12-2025_-_Applicant_1_-_Application_page_4.webp,file,62184,https://github.com/ck999kk/WEBP/blob/main/01-12-2025_-_Applicant_1_-_Application_page_4.webp
5,010425_01_26_AM_-Areal_monthly_after-hours_trades_list_update.webp,file,228904,https://github.com/ck999kk/WEBP/blob/main/010425_01_26_AM_-Areal_monthly_after-hours_trades_list_update.webp
6,010525_11_46_PM_-Leaking_Repaired_Confirmation_-_1803243_Franklin_St.webp,file,71398,https://github.com/ck999kk/WEBP/blob/main/010525_11_46_PM_-Leaking_Repaired_Confirmation_-_1803243_Franklin_St.webp
7,010525_12_23_AM_-Areal_monthly_after-hours_trades_list_update.webp,file,229022,https://github.com/ck999kk/WEBP/blob/main/010525_12_23_AM_-Areal_monthly_after-hours_trades_list_update.webp
8,010725_03_07_PM_-Re_RDRV_-_Case_RT252398_-_33_Camberwell_Rd__Hawthorn_East__VIC__3123.webp,file,750552,https://github.com/ck999kk/WEBP/blob/main/010725_03_07_PM_-Re_RDRV_-_Case_RT252398_-_33_Camberwell_Rd__Hawthorn_East__VIC__3123.webp
9,010725_06_17_AM_-RE_RDRV_-_Case_RT252398_-_33_Camberwell_Rd__Hawthorn_East__VIC__3123.webp,file,291142,https://github.com/ck999kk/WEBP/blob/main/010725_06_17_AM_-RE_RDRV_-_Case_RT252398_-_33_Camberwell_Rd__Hawthorn_East__VIC__3123.webp
10,010725_07_19_AM_-RE_RDRV_-_Case_RT252398_-_33_Camberwell_Rd__Hawthorn_East__VIC__3123.webp,file,1092580,https://github.com/ck999kk/WEBP/blob/main/010725_07_19_AM_-RE_RDRV_-_Case_RT252398_-_33_Camberwell_Rd__Hawthorn_East__VIC__3123.webp
11,011025_11_01_PM_-Areal_monthly_after-hours_trades_list_update.webp,file,228410,https://github.com/ck999kk/WEBP/blob/main/011025_11_01_PM_-Areal_monthly_after-hours_trades_list_update.webp
12,011225_05_08_AM_-VCAT_RDRV_account_email_verification_code.webp,file,17768,https://github.com/ck999kk/WEBP/blob/main/011225_05_08_AM_-VCAT_RDRV_account_email_verification_code.webp
13,011225_06_31_AM_-Residential_Tenancies_Dispute_Submission_for_RT2513372__at__unit_1803243_Franklin_St__Melbourne__VIC.webp,file,340716,https://github.com/ck999kk/WEBP/blob/main/011225_06_31_AM_-Residential_Tenancies_Dispute_Submission_for_RT2513372__at__unit_1803243_Franklin_St__Melbourne__VIC.webp
14,020425_09_44_AM_-Non-Urgent_Maintenance_Request__1803243_Franklin_st____Broken_Bed_Frame_with_Exposed_Nails.webp,file,557602,https://github.com/ck999kk/WEBP/blob/main/020425_09_44_AM_-Non-Urgent_Maintenance_Request__1803243_Franklin_st____Broken_Bed_Frame_with_Exposed_Nails.webp
15,020625_03_20_AM_-Areal_monthly_after-hours_trades_list_update.webp,file,228246,https://github.com/ck999kk/WEBP/blob/main/020625_03_20_AM_-Areal_monthly_after-hours_trades_list_update.webp
16,020625_06_37_AM_-Re_FW_Follow-up_on_Wall_and_Carpet_Damage___1803243_Franklin_St.webp,file,59004,https://github.com/ck999kk/WEBP/blob/main/020625_06_37_AM_-Re_FW_Follow-up_on_Wall_and_Carpet_Damage___1803243_Franklin_St.webp
17,020925_12_53_AM_-RE_1803243_Franklin_Street__Melbourne_VIC_3000_-_Notice_of_Entry.webp,file,187028,https://github.com/ck999kk/WEBP/blob/main/020925_12_53_AM_-RE_1803243_Franklin_Street__Melbourne_VIC_3000_-_Notice_of_Entry.webp
18,030625_03_11_PM_-Re_FW_Follow-up_on_Wall_and_Carpet_Damage___1803243_Franklin_St.webp,file,132858,https://github.com/ck999kk/WEBP/blob/main/030625_03_11_PM_-Re_FW_Follow-up_on_Wall_and_Carpet_Damage___1803243_Franklin_St.webp
19,030625_03_40_AM_-Re_FW_Follow-up_on_Wall_and_Carpet_Damage___1803243_Franklin_St.webp,file,52076,https://github.com/ck999kk/WEBP/blob/main/030625_03_40_AM_-Re_FW_Follow-up_on_Wall_and_Carpet_Damage___1803243_Franklin_St.webp
20,030725_05_01_PM_-Re_RDRV_-_Case_RT252398_-_33_Camberwell_Rd__Hawthorn_East__VIC__3123.webp,file,118124,https://github.com/ck999kk/WEBP/blob/main/030725_05_01_PM_-Re_RDRV_-_Case_RT252398_-_33_Camberwell_Rd__Hawthorn_East__VIC__3123.webp
21,030725_07_02_AM_-You_have_reached_us_outside_of_business_hours.webp,file,134182,https://github.com/ck999kk/WEBP/blob/main/030725_07_02_AM_-You_have_reached_us_outside_of_business_hours.webp
22,040725_07_55_AM_-RE_RDRV_-_Case_RT252398_-_33_Camberwell_Rd__Hawthorn_East__VIC__3123.webp,file,160420,https://github.com/ck999kk/WEBP/blob/main/040725_07_55_AM_-RE_RDRV_-_Case_RT252398_-_33_Camberwell_Rd__Hawthorn_East__VIC__3123.webp
23,040725_10_32_PM,-Re_RDRV_-_Case_RT252398_-_33_Camberwell_Rd__Hawthorn_East__VIC__3123.webp,file,235578,https://github.com/ck999kk/WEBP/blob/main/040725_10_32_PM_-Re_RDRV_-_Case_RT252398_-_33_Camberwell_Rd__Hawthorn_East__VIC__3123.webp
24,040725_11_36_PM,-Re_RDRV_-_Case_RT252398_-_33_Camberwell_Rd__Hawthorn_East__VIC__3123.webp,file,85336,https://github.com/ck999kk/WEBP/blob/main/040725_11_36_PM_-Re_RDRV_-_Case_RT252398_-_33_Camberwell_Rd__Hawthorn_East__VIC__3123.webp
25,040725_12_32_PM,-You_have_reached_us_outside_of_business_hours.webp,file,134236,https://github.com/ck999kk/WEBP/blob/main/040725_12_32_PM_-You_have_reached_us_outside_of_business_hours.webp
26,040925_05_52_AM,-1803243_Franklin_Street_-_Access___Co-Operation_Required.webp,file,111296,https://github.com/ck999kk/WEBP/blob/main/040925_05_52_AM_-1803243_Franklin_Street_-_Access___Co-Operation_Required.webp
27,040925_08_37_PM,-Re_1803243_Franklin_Street_-_Access___Co-Operation_Required.webp,file,75850,https://github.com/ck999kk/WEBP/blob/main/040925_08_37_PM_-Re_1803243_Franklin_Street_-_Access___Co-Operation_Required.webp
28,040925_09_46_PM,-Re_1803243_Franklin_Street_-_Access___Co-Operation_Required.webp,file,79474,https://github.com/ck999kk/WEBP/blob/main/040925_09_46_PM_-Re_1803243_Franklin_Street_-_Access___Co-Operation_Required.webp
29,040925_10_38_AM,-You_have_reached_us_outside_of_business_hours.webp,file,134564,https://github.com/ck999kk/WEBP/blob/main/040925_10_38_AM_-You_have_reached_us_outside_of_business_hours.webp
30,041125_11_41_PM,-Areal_monthly_after-hours_trades_list_update.webp,file,228508,https://github.com/ck999kk/WEBP/blob/main/041125_11_41_PM_-Areal_monthly_after-hours_trades_list_update.webp